Id,ProductId,UserId,ProfileName,HelpfulnessNumerator,HelpfulnessDenominator,Score,Time,Summary,Text
366112,B001EO7LVM,AVPE5IDEJN62L,ranulph,12,13,3,###############################################################################################################################################################################################################################################################,"taste great, but evidence of mice","When I got these nuts, after eating a few, I realized that the mice had gotten at quite a few of them, there were chew marks on many of the nuts and also some mouse droppings in the bag.  However, I did eat the nuts that weren't chewed, they tasted great!"
382574,B000ZII98W,A1KH5JOTGUPJD,LG,1,9,3,###############################################################################################################################################################################################################################################################,Sceptical,"I was sceptical about this product because it tastes like no other unsweetened cranberry juice I've ever tried. Its syrupy, sweeter than other cranberry juices and has a grape juice taste to it. I contacted Dynamic Health and they say its 100% cranberry juice. I still feel a bit sceptical though. I'm used to Tree of Life brand so I think I'll just go back to it."
8282,B000VK6NDC,A3229I7JSLZE7E,"Critical Thinker ""Critical Thinker""",1,2,2,###############################################################################################################################################################################################################################################################,It would be nice it they ate it,"I felt really good about being a good cat mommy and buying something of such quality for my sweeties... Too bad none of the would eat it, no matter what I did.<br /><br />Donated it to the local SPCA -- maybe a dog will eat it."
410609,B001KUOH26,A3L5N9HRKZOPU8,kim,0,1,1,###############################################################################################################################################################################################################################################################,CORROSIVE,This soda hurt my teeth. Drank one a day for 6 weeks. The Enamel on my teeth has eroded. My teeth are now still very sensitive. Read ingredients before drinking.  Consider battery  acid or this soda if your goal is to erode enamel!
535347,B000FDBRGI,A1ZPY91VE3IDN1,J. Offenbach,3,4,5,###############################################################################################################################################################################################################################################################,Delicious and Nutritious,"I bake bread weekly, much of the time it's rye or pumpernickel.  Well, these crackers will give my bread machine a well deserved break because they are fantastic!  I usually eat Dr. Kracker's or Ak Mak's, but now I have a new favorite.  The Ryvita is the perfect size for an open-faced snack or a crisp crackers encasing stuff sandwich.  I have had no problem with them falling apart but then I don't pile them with huge amounts of food; I simply use a thin spread like goat cheese, baba ganoush or hummus w/ veggies, cheese, salmon, or faux poultry products.  They are made of rye, salt and H20, nothing more, and they are not as rigid as Dr. Kracker's, but much stronger than Ak Mak's.  They are just right and Amazon offers them for a terrific price!  I'm hooked."
416932,B0038A8F0Q,A2GCG449D1B0E2,JGW,8,19,1,###############################################################################################################################################################################################################################################################,Diogenes Sleeps Deeply,"When my grandson was born, Diogenes was able to retire and seek the sleep he so deserved after searching so many centuries for an honest man. My grandson speaks his mind eloquently and succintly.  Upon the arrival of my order of <a href=""http://www.amazon.com/gp/product/B001LNHQ34"">Funfresh Foods Real Food Trading Company Himalayan Pink Sea Salt, 2-Pound</a>, I quietly served it at a family meal.  Almost instantly my grandson asked who put sand in the salt.  I smiled, chuckled and told him no one had put anything in the salt and that this was special pink salt from half way around the world.  ""It has sand in it, Grandpa! I don't like it!"" he replied.  Nay, nay, not so, I assured him (and everyone).  ""Let me show you.""<br /><br />I drew a small glass of filtered water and added a liberal amount of the pink salt.  (BTW, if you like the C.Cola bottled water, *asani, much of it comes from the same source in FL as my tap water)  So I swirled the pink salt around in the water.  Let me mention that I have a degree in science and a bunch, like a lot, of chemistry courses so I know that table salt, sodium chloride (NaCl) is really really soluble in water.  Well, after much stirring I got quite a bit of pink insoluble grains on the bottom of the glass and, most disturbing, the liquid was cloudy!  I've been watching it for a couple of hours now and nothing is settling out.  I'll keep watching, but what the cloudy water means is there is either a fine particulate that will settle out in time or there is something else in the ""salt"" that is not or not completely water soluble or is colloidal, which does not make me feel good about this product.<br /><br />It is my understanding that most table salt is produced by crystallizing the salt from a saline solution, either natural (sea water) or man made.  The difference between ""regular"" table salt (at least in the US) and Kosher salt is that regular salt is allowed to crystallize undisturbed and will form cubical crystals while Kosher salt must be raked during the entire crystallizing process, thus forming the light flaky crystals familiar to that form.<br /><br />This product, it appears to me, is a mined mineral that contains a high NaCl content that is not further refined.  It is finely ground perhaps in the hope that end users will not notice that it also contains rock, sand, or whatever makes up the Himalayas.  The product claims to contain less Sodium (Na) and that may well be true, but is that lower Sodium content because it has ground rocks/sand in it?<br /><br />I'm returning this because it is an inferior product that is not what it is advertised to be.  This might be fine for a live stock salt lick but it is not fit for human consumption!<br /><br />Many Hours Later:  The cloudiness is clearing, so my conclusion is that it was caused by very small particles that took longer to fall out of suspension.  Nevertheless, sediment is sediment and sediment is not salt!  This is another example of when a low price is not a bargain!"
238775,B000J2HRG4,A1Y39T2CT36YL0,Resips,1,1,2,###############################################################################################################################################################################################################################################################,It's like pouring a can of clam chowder on your spaghetti,I really wanted to like this sauce but the Bar Harbor white clam sauce just didn't do the job. There were not enough clams in the sauce and the flavor was rather flat. It really tasted as if I had poured a can of white clam chowder on the pasta and served it up. We won't be buying this sauce again.
426044,B000TQEWM2,A2TJG4N8LNJW23,Blythe Dresser,0,1,1,###############################################################################################################################################################################################################################################################,Am I drinking the same blend as the 5-star reviewers?,"I don't know how what I tried could be considered the same as what all the rave reviews are coming in for.<br /><br />When we got our new Keurig brewer for Christmas it came with a sample pack of 12 different coffees.  We were excited for the opportunity to try different blends before purchasing an entire (pricey) box of any one flavor.<br /><br />To preface: I enjoy flavored coffees.  French vanilla, mocha, hazelnut... Pretty much any variety available.  I was really excited to try Gloria Jean's Hazelnut since it was one of the few flavored options in the sample pack.  I typically enjoy smooth medium roasts and I can't stand bitter coffee with a pungent aftertaste.<br /><br />Unfortunately, though, this brew is without-a-doubt undrinkable.  So bitter and thick.  I couldn't believe this was supposed to be a flavored blend.  It smelled burnt as soon as it was brewed.  We brewed an 8 ounce cup since typically flavored coffees tend to be weaker so we assumed brewing the smaller size cup would allow us to enjoy to most flavor.  The coffee was dark in appearance and both my boyfriend and I tried it befor dumping it out in the sink because the taste was so foul.<br /><br />Aside from its burnt flavor and bitter aftertaste, it's also worth mentioning that I couldn't detect any hazelnut notes at all.  Very disappointing.<br /><br />I'd never tried a Gloria Jean brand coffee before and now I'm nervous to try another.  I might attempt the Butter Toffee flavor if I can find it in a small pack.  But I'll avoid hazelnut from now on."
412195,B00024DB5K,A174IDKIPEU6YX,"Nicole Kioa ""MissK""",0,0,2,###############################################################################################################################################################################################################################################################,Yuck,"I was so excited for this product and unfortunately, it's terrible. I tastes nothing like Italian dressing or even any kind of dressing."
186752,B00474CSVE,A1VGXHHR08G044,FlyingPolarBear,0,0,3,###############################################################################################################################################################################################################################################################,"Strong but flat, lacking definition","These k-cups are certainly bold and strong, but the finish is flat and thin.  It's lacking in overtones after the inital dark wave.  I just started exploring k-cups since my machine arrived last week.  Initially I was surprised how watery the house blends are.  I wanted something dark and rich in texture.  But so far, I'd rather drink Tully's French Roast extra bold k-cups which is just about as strong as Dark Magic but with a wider spectrum and better finish."
125624,B000Z91G4A,AJP2ROGSF3LXV,A. Kelley,0,0,5,###############################################################################################################################################################################################################################################################,Tasty healthy tea!,"This stuff is wonderful!  It's super easy to brew - just add cold water and leave it in the fridge and that's it!  It's naturally sweet so you don't even need to add sugar and trust me, I add sugar to *everything*.  It's also very healthy for you.  I'm surprised it's not more popular!  It's served at Alterra Coffee but this stuff should be picked up by Starbucks.  ;)"
488794,B005K4Q1YA,A1RZP06XLJV3LC,Robert P Johnson,0,0,3,###############################################################################################################################################################################################################################################################,Cappucino cups some were broken and not able to use,The box had been opened before and was taped with Scotch tape Several of the kcups were leaking into the box and had to be tossed That is the first time that has happened but I was very disappointed.
343515,B00004RBDZ,A3TJWW4R9GROTG,JR in Lafayette,0,0,3,###############################################################################################################################################################################################################################################################,Know your fly types & seasons,"Purchased for my dog kennel, I'd read a little about varieties of flies & don't think this one was for the variety we have.  Either that or by the time the Catchers came in I'd missed most of the 'season'. These didn't catch very many flies but, then .. note the aforementioned."
170825,B001EO5JLQ,A21MWMB5YNNZBY,Spinozist,0,0,1,###############################################################################################################################################################################################################################################################,Beware of New Great Taste,"For years I have been buying Barbara's corn flakes. The reason was they seemed very natural. They were a light yellow color, delicate and minimally processed. You could taste the freshness of the corn. I recently reordered the product from Amazon as I have done for years. On the front of the box is written""New Great Taste."" So it's not the box pictured here.<br /><br />This is a completely different product and I will not be reordering it. It is light brown whereas the old one was pale yellow. It has obviously been toasted several shades darker. The taste is dry not fresh. Due to the excessive toasting, I feel there has been nutrient loss. I'll be looking for another fresher corn flake to start my day.<br /><br />It saddens me to write this cause I really loved the old product and never tired of it,<br /><br />I will try to return my remaining  5 boxes to Barbaras since they cannot be returned to Amazon."
491558,B001EO773O,A2Z90KG8V5J72J,Deb,1,2,5,###############################################################################################################################################################################################################################################################,Delicious,"My husband and I have been addicted to this coffee since we first started buying it directly from the company several years ago. We love the smell, the caffeine kick and the taste. Sadly, I don't care about fair trade or organic much, but I love this coffee. We introduced it to my brother who is equally picky about coffee and he is addicted to it now. Whenever we eat out for breakfast or have coffee somewhere else, we wish we were at home drinking our coffee. Our friends all love coming over for it as well."
132434,B001E5E23Q,A1XYRSB5CW2TXP,Bogeyjc,0,0,4,###############################################################################################################################################################################################################################################################,Pilon Gourmet espresso coffee: Good stuff!!,"This coffee allows for a nice cup of java and seems to get a bit more crema than my old brand. It has a rich flavor, but not as bold as I hoped it would be. The price is good and delivery was fast using Amazon. Don't be afraid to use a bit more than normal, and tamp it well. As always, hot milk is the way to go . . . 2% is fine."
305027,B006J4MAUE,A1OPZ3BUTEL47R,Just My Op,0,0,4,###############################################################################################################################################################################################################################################################,"Non-GMO, Organic, Whole Grains...and Yummy!","This stuff is delicious.  I love that it has whole grains, is non-GMO, and is organic.  But all of that would have been pretty useless if it didn't taste good.  It has only 6 grams of sugar per serving although a serving is a skimpy 1/4 cup, pretty standard for other granola serving sizes.  Fat, at 55 calories out of 140, is a little higher than I'd like, but again, I think that is pretty typical of granola.<br /><br />There is lots of chocolate taste.  In fact there is so much chocolate that when the cereal was delivered to me on a warm day after having spent the morning in a UPS truck, there were chocolate smears inside the package.  I do suggest keeping it refrigerated during warm weather.<br /><br />I would have liked a little more berry taste.  When I did get some berry, it tasted wonderful, but most bites had much more chocolate taste than berry.  It does have coconut in it, but I didn't get a coconut taste.  And although this granola tastes good as a cereal, I prefer to eat it as a snack or crumbled as a topping on a plain dessert.<br /><br />In the final analysis, I'm very pleased with the taste and ingredients in this granola and would happily keep it in my pantry."
484047,B00416MK84,AY12DBB0U420B,Gary Peterson,0,0,4,###############################################################################################################################################################################################################################################################,"Not Ideal, But Pretty Good.","I enjoy jerky and like to try new kinds and new brands. Last week at the nearby Costco, I found 16-ounce packets of Pacific Gold Teriyaki Turkey Jerky, subdivided into two 8-ounce pouches. It's good! It's tender, but chewy. It has a nice flavor, but it's a little too sweet to be ideal for me. It has a very low fat and cholesterol, but is perhaps a little high on salt. The jerky seemed good and fresh, if you can apply that word to jerky. This stuff is pretty good. I don't think it's going to last long.<br /><br />Gary Peterson"
176829,B0019413WA,A2LPJXTHM87Y1B,Andrew J. Badertscher,0,0,3,###############################################################################################################################################################################################################################################################,just ok,"These taste fine, but they are sliced oddly (not into wedge like slices as I expected them to be). Since the slices are so thin, they crush easily and every package I've opened has been at least 1/2 crushed up little bits of fruit. This is great if you're adding them to something, such as oatmeal, but not so good for eating out of hand. I will not order these again, as I had purchased them for my baby and they are too small for his little fingers. Overall, I'm disappointed in this product and will not reorder."
176622,B0017SWABQ,A2FRFAQCWZJT3Q,"B. Davis ""The Happy Hermit""",1,1,4,###############################################################################################################################################################################################################################################################,Good gravy - mild taste,I enjoyed and plan to buy more of this product.  So far I've only tried the savory herb.  Cooking it is simple and it thickens to a perfect consistency.  For me the flavor is too subtle so I have to use it along with other seasonings plus olive oil and yeast flakes.  Leftover gravy turns watery but is still useable depending on what you are putting it on.
163895,B004E4FUGW,AKHFY3VCNZL2W,Dan Huse,1,3,1,###############################################################################################################################################################################################################################################################,Forget it. Complete gimmick. Buy Crystal Light instead.,"Sometimes, I am a sucker for the new stuff, and this is one fine example.  In my quest to drink more water, I sought out flavorings.  My perception of this product is quite different from the reality I experienced after buying it.<br /><br />Being a marketing professional myself, I think I have this gimmick figured out perfectly.  If only I had not fallen for it, I would feel a lot better.  So, here is how the gimmick goes:<br /><br />1. Rather than selling consumers perfectly portioned pouches of flavored powder, such as those sold under the Crystal Light brand and other brands, sell it to them in liquid form and claim that is has 24 servings inside.  This makes it seem like a good value per serving, but a ""serving"" is a meaningless measure, as consumers will squirt and squirt and squirt some more to get enough flavoring.  The bottle doesn't say how many squirts is 1 serving.  Rest assured, consumers will use far more than 1 serving at a time, and they will never know how many servings they really get from the bottle.<br /><br />2. Since a squirt bottle can come in only one flavor, consumers will have to buy lots of bottles, rather than just a nice variety pack of the single-serve Crystal Light or similar packets.  This ""pantry loading"", as they call it, not only leads to higher sales up front, but it also locks in the consumer, who feels wedded to his investment.<br /><br />3. Tell the consumer on the package that the contents should be used within 30 days of opening the bottle.  This will make consumers either (a) throw it out for fear that it has gone bad or (b) use it up faster to prevent if from going bad.  Either way, this means more sales from new sales.<br /><br />Interestingly, this product is made by the same company that sells Crystal Light--Kraft Foods.  This tells me they are not satisfied with certain aspects of Crystal Light, such as the fact that others make generic versions and sell them more cheaply.  Hence, they have created a product that competes with Crystal Light, in hopes that at least some of them will switch, leading to enhanced profitability and less competition from those pesky alternatives in powder form."
237359,B000H2998U,AE7Z95QRJMOLK,joeB,0,0,4,###############################################################################################################################################################################################################################################################,Wick Fowler Chili Kit,"good stuff; makes great chili; can be tailored to your taste.  Good price, quick shipment. Have tried many ""kits"" and home recipes; when this lot runs out, I'll buy more Wick Fowlers until the local (very rural) stores wise up."
436469,B000FFLTD2,ANI5WGCZ3FIF6,Randy Noval,1,1,1,###############################################################################################################################################################################################################################################################,photoshop at its finest,"I bought these thinking they would at least be somewhat like the picture and the noodles would be thick (like pad thai noodles...). instead what I got was an over-spiced (not spicy, just an attempt to mask the terrible product by throwing in too many spices), flat noodle soup that not only tasted terrible but was not filling in the least. You'll get better flavor and a more filling meal with the cheapest imitation ramen noodle product."
153354,B000E46LYQ,A2ZM5F1K76ZFUV,"J. Cupp ""EulerEquation""",0,0,3,###############################################################################################################################################################################################################################################################,Ground Meat Overly Sugarized Then Pressed Into Circle Patties,"This stuff is made from ground meat then formed into circle patties. It tastes OK, but not the quality of many grocery store brand jerkies. I am not going to buy this product anymore nor would I recommend it.<br /><br />The best buffalo jerky I have ever found is the Trader Joe's brand. They take whole pieces of thinly sliced buffalo steak and have sweet or spicy flavors. Great stuff!"
207870,B000CQID2Y,AINMG64N0CBEG,Oz,3,5,2,###############################################################################################################################################################################################################################################################,not as good as Yogi Tea's Lemon Ginger tea,"I am used to Yogi Tea's Lemon Ginger Tea, and for a change I wanted to try Stash's.<br />Unfortunately, I will go back to Yogi Tea's Lemon Ginger which tastes much nicer."
381047,B0048IFN1Q,A3E02KBFI21TY0,"Angela Risner ""Pretty in Orange""",0,0,5,###############################################################################################################################################################################################################################################################,Addicting,"I love these things.  The only problem is they are so expensive!  Yes, buying them on here is cheaper than in the store, but still!  But these are definitely delicious."
460847,B000SQIE0E,A2MX71MF0QLCIY,LIBRA1711,0,0,5,###############################################################################################################################################################################################################################################################,MY DOG LOVES THESE!,THESE ARE HEALTHY TREATS AND MY DOG ABSOLUTELY GOES CRAZY FOR THESE!  A TERRIFIC VALUE.  VERIFIED AMAZON PURCHASE.
117865,B004OA5XUE,A19XBW5WUDH1Z,David Nox,0,0,4,###############################################################################################################################################################################################################################################################,My Dogs love these,I have 4 Chihuahuas and they love these. They have never eaten fish based treats before and at first they just sniffed at them.<br />Finally one took the plunge and the rest followed. Now they love them. They are of of their favorite treats.<br />They do not have a strong fishy odor and are about the size of a wheat chex cereal.<br />They are not crunchy but sort of chewy like a fig newton.<br />I got these free with a bag of dog food I purchased from a seller on Amazon(Coupon code now expired).<br />Unless the code comes back or the price drops again I'm not sure I will buy them again. At over $1 an ounce they aren't cheap.<br />Looking at quality dog treats $1 an ounce seems to be the typical price range.<br />I can't help thinking at $18 a pound maybe I should start cooking up my own home made dog treats for them.
452240,B0039UXJ4M,A71F4MYVZQ6JO,Mary_dana,4,6,1,###############################################################################################################################################################################################################################################################,DOUBLE THE PRICE,These are double the price they sale the EXACT same product at Sam's Club for. What greedy people. Go to [...] You could almost buy a year membership for the extra price they charge. These people probably buy them at Sam's then charge you double.
35387,B000GW46D4,A13WBUX01Q4D35,A. Beckstedt,0,0,2,###############################################################################################################################################################################################################################################################,It's beef jerky ...,The taste on these are just not right and what I was expecting. I thought it would taste just like the bagged jerky but its not. I would stay clear and stick with the bagged jerky.
322437,B000AYDFCG,A3MB95ZAZ3BTQH,U. Salim,1,1,2,###############################################################################################################################################################################################################################################################,they are tatsty but got them too expensive at amazon,"They taste good but i think amazon is selling them very expensive, i get flyers from local safeway and they are much much cheaper.<br /><br />one would think that buying in bulk would save me money but no, not the case!! compare before you buy!"
113604,B000YHXEPC,A3VCOPG1MJSL6X,Natalie Luke,0,0,4,###############################################################################################################################################################################################################################################################,Great Gift!,"The gift set looks pretty nice upon arrival.  I bought as a gift for my grandmother and she loves it!  Really nice, clean scent."
165773,B000CPZSC8,A30TWWSW3PEPS6,Synthia,26,26,5,###############################################################################################################################################################################################################################################################,Pleasantly Suprised!,"After reading numerous reviews on these beans from JRmushroom and debating on whether or not I really needed them, I finally decided to just go ahead and order. At my local grocery store 1 woody, dried out bean is $7.99! These beans arrived 2 days after I ordered them and the quality is amazing. All of the beans are 6-8 inches long, juicy, plump and full of seeds. They have oily skin (as vanilla beans should) and the aroma is divine. I made vanilla bean cupcakes and vanilla bean ice cream and started homemade extract(half of this pack, about 22 beans). These beans are perfect. I can't believe the quality for the price. If you are debating, go for it. You won't regret it!<br /><br />******UPDATE*******<br />I am still just as pleased with these beans as I was when I first got them. After 3 months of maturation, my homemade vanilla extract is excellent! Dark brown and slightly ""syrupy"" and it will only get better with age. Total price of the beans used in the extract (22 whole beans, split ~$10.00) and the alcohol (smirnoff vodka750 ml. ~$9.00) just under $20.00 produced an entire quart/32 ouces of fantastic extract and seeing as the ""pure"" vanilla extract in my grocery is about $6.00 per 2 oz. bottle the savings is tremendous. I would still be saving a fair amount if I purchased vanilla in bulk (like at Costco.) It is simply a win-win."
71620,B001E95K4C,A1CWTB3NOLHCUX,"ChiaSpud ""Jason""",2,5,4,###############################################################################################################################################################################################################################################################,Screw the marketing...,"Forget about the advertising and marketing, advertisements are all LIES to make a quick buck anyway, in my my mind. I bought this out of pure curiosity because well...the advertisements worked and got me curious enough to try it. Did it get me laid? Of course not, not even close. I DO however really like the smell of it and that's enough for me! If a girl doesn't like the way you smell, forget 'em, they weren't worth your time in the first place! :-P<br />This a good scent for me and that's that!  :-D  Also check out Axe ""Fever"", that's a good one too."
484490,B007FNXI18,A2H2I5FY1PUHP1,Boilermate,0,0,3,###############################################################################################################################################################################################################################################################,Meh,"I'm not sure what variety of peppers they used, but this, to me, is all heat and no flavor. I won't buy it again."
460866,B001EO69RY,A4EVGW2TJSGLE,R. M. Parker,0,0,5,###############################################################################################################################################################################################################################################################,Hot Stuff,This sauce is exactly what I was looking for.  Really hot so a little goes a long way.  Yummmmmmmmmm.
421097,B00117GEGU,A2CY870PB5WEIC,Mark Smith,1,1,3,###############################################################################################################################################################################################################################################################,Definitely only culinary grade,"This matcha is not good enough for drinking straight. It doesn't have the bright green color and good aroma that a good quality matcha should. However, it IS labelled as culinary grade, which really means for adding to ice cream, smoothies etc. And for that, it's OK. Don't expect anything more!"
106542,B00423UVJQ,A20QS4FVZ9X392,Janice,1,1,5,###############################################################################################################################################################################################################################################################,Perfect size-not too big and not too small,"We have 2 dogs, one slightly overweight and one puppy.  These treats were the perfect size for both-not too much for the older and just right for the younger.  Plus they loved them!"
523228,B004H4R59Y,A3JH7YBI4770DH,"S. Woodworth ""Genie expert""",1,2,2,###############################################################################################################################################################################################################################################################,not crazy about taste,I had never tried lentil chips before and couldn't find them in the local stores.  I had to order a case of them and now have discovered neither my husband nor myself like them very much.  Kind of a cardboard/foam texture to them.  Not sure what I will do with them...
182169,B002GWFAEG,A2E5JM50T65ICP,Digital Birdie,0,1,2,###############################################################################################################################################################################################################################################################,"Fair price for the quantity, but the coffee is just ""average""","I bought this coffee thinking it might replace my Trader Joes breakfast blend. But other than the pice, there's no comparison. TJ's House Blend is rich, earthy, smooth, with many good overtones. This coffee - the <a href=""http://www.amazon.com/gp/product/B002GWFAEG"">Coffee Bean Direct Medium House Blend, Whole Bean Coffee, 5-Pound Bag</a> - is bright and bitter, slightly harsh and nondescript in flavor.<br /><br />It serves me right for trying to save a few pennies on the TJ House Blend, but never again.  <a href=""http://www.amazon.com/gp/product/B002GWFAEG"">Coffee Bean Direct Medium House Blend, Whole Bean Coffee, 5-Pound Bag</a> may appeal to a few people trying to step up from ""Mawell House"", but a rich, elegant, complex morning coffee it isn't. What it is, is another nondescript entry into the many ""E&E"" (Elite and Economical) coffees that are fast flooding the coffee aisles."
443173,B001EPPFT6,A6KL17KKN0A5L,K. Harper,0,2,4,###############################################################################################################################################################################################################################################################,I buy these for my dogs.,"I buy these cheaper canned salmon for my dogs sometime. I tried it, but I didn't like the fishy taste of this canned salmon compared to the sock eye type. Of course these are cheaper but I just can't bare that fishiness. BUT, great for my dogs and they love them. I buy these to feed them sometime instead of those canned especially made for dogs. I believe these have higher quality nutritionally as these are intended to use for human consumption."
217777,B000CQG87Q,A34F2WZJ2HXX1B,"V. Fletche ""vanessa""",0,1,3,###############################################################################################################################################################################################################################################################,SOY??? WHY?,"Maybe I didn't read the ingredient list thoroughly, because I was not expecting to find SOY in my tea!! What a disappointment! I called Stash to find out if the soy was GMO, and...the woman in customer service guarenteed me the suppliers sell them non-GMO soy. If this is the case, they really should label it as such. I like the flavor though, it's very soothing and gentle on the tummy (hence the three stars). The only way I will order again is if they start labeling the soy as non-GMO, i can't trust the product without a label!<br /><br />PS: after reading ingredient list again, I found NO mention of soy..."
125610,B000EBKS9S,A3T0SWLO1GL9VM,Anna Marie Anderson,0,0,5,###############################################################################################################################################################################################################################################################,Crunchy Dog Treats,"My Yorkies love these treats.  They are the perfect size for smaller breeds, and the crunchiness helps to reduce tartar.  Apparently they taste pretty good, too, as they will all do just about anything to get some!  The boxes arrived well packaged."
384191,B000EVWQZW,A1AAK7K92MA4M8,"L. Mitter ""colormist""",0,0,5,###############################################################################################################################################################################################################################################################,Makes the BEST Gluten Free crust,"I've tried a few different methods for making Gluten-free crust, and this mix is by FAR the best value for the money. One box makes enough dough for two pizzas (at least two--I like thick crust)."
90106,B00866AM2G,A30NLW10BZXE66,"Tracy Givens ""jobgem""",0,0,4,###############################################################################################################################################################################################################################################################,One of my favorites,I have been drinking this brand of coconut water for a while.  It is a great tasting product and the cost with amazon is reasonable. The Vita Coco brand tatses better than any of the other brands including Zico.
254228,B001EQ5JLY,A1ERIM2XQLMPHQ,Nathan Day,0,0,5,###############################################################################################################################################################################################################################################################,very good taste not strong,i have enjoyed this tea for a few years now. i use it for ice tea.  about 4 bags to one pint of hot water. then add one pint cold water and sweeten to taste.
347412,B000BF3AGU,A2Z2QSDBK270Q8,randyreal6,1,2,1,###############################################################################################################################################################################################################################################################,Yuugh!!,"These are the worst tasting Vegan Hot Dogs  i ever tasted!! The Big Franks are good But these taste Awful!!! I have to throw them out! They are that bad! They taste like Metal They fall apart, And the Liquid they come in is really nasty! This should not be Sold!"
438784,B005HGAV8I,A2C0OC4T3IG893,lday111,3,3,2,###############################################################################################################################################################################################################################################################,Photo of selection is VERY misleading,"Maybe we're the only ones that actually enlarged the photo of the 35 K Cups before we placed our order.  We wanted to make sure that the variety was indeed something that we felt we would enjoy.  Obviously ""variety"" is just that, various flavors.  However we did expect to at least receive ONE of each flavor shown on the photo, and we did NOT expect to receive SEVEN pumpkin spice, FIVE eggnog, and FIVE Gingerbread (none of which are in the display photo) when placing our very first order with Amazon in January!  Of the 35 K Cups, 17 (almost half) were holiday flavors - I mean, come on at least be honest enough to promote the product as ""nearing experation holiday coffee samplers that we can't get rid of...here's hoping you won't notice"".  Seriously, give a little credit to the intelligience of your customers, or in our case ""first and only orders""."
481404,B003Y3GW9S,AHJSCQK1FBVC0,YT,0,0,2,###############################################################################################################################################################################################################################################################,Poor packing,"My daughter loves this Spring Vegi Pasta. So I ordered a dozen Earth's Best Junior Baby Food Organic Spring Vegetable and Pasta, 6-Ounce Jars (Pack of 12) - very disappointed to have a package arrived broken leaving me a huge mass and short food supply! I ordered previously the stage 1 and stage 2 with the same brand ( forgot the seller) which arrived in perfect condition with a tight box wrapped with plastic. Another disappointment is that it's not eligible for return! A huge mass and waste of money!!"
144797,B000R2IWGK,A3ANPH1TFCBDFW,blowfly13,6,8,1,###############################################################################################################################################################################################################################################################,shipping really high - buy at Wegman's,"This product tastes good, but you can buy it for $9 at Wegman's. If you get it from this place, you pay $26 (TWENTY SIX!) for shipping and handling. Why? All I found was a freezer pack! What a ripoff. When I asked about the high shipping, the response was fairly snotty. When we received the product, we found it labeled ""specially selected for Wegman's."" Sure enough, next time we went, there it was. In addition, two of the containers had an expiration in two weeks! All in all, the shipping costs make this a big ripoff. Get it at Wegman's."
442653,B004W7TB3Y,A3TTIGRDKH9T6O,Jeff Maniatis,1,18,1,###############################################################################################################################################################################################################################################################,I Will Never know,I will never know how this product is.<br />Amazon/Starbucks chose to send this order with the requirement I sign for it!  Why they would do this on a $20.00 order is beyond me.  I work and am not home to sign for packages.  The package was returned and Amazon/Starbucks has yet to reply to my emails or even return my money.<br />This in my first Amazon disappointment and I have ben a customer for nearly 10 years.
226372,B001ONVOAM,A2YQ2ZI65F37N8,T. Gaston,1,1,3,###############################################################################################################################################################################################################################################################,so - so,"As a fan of shredded wheat type cereals, the cereal pieces are the right size and have a great crispiness.  And I love vanilla, but the mixture in the cereal is not quiet right.  Maybe it needs more vanilla.  To me it just has an odd flavor, bordering on a stale flavor."
74586,B001COE1AI,A3FWON9AQJ8QUX,SCRS,0,0,1,###############################################################################################################################################################################################################################################################,past due,"These almonds tasted awful.  I would have returned them or tried to get a replacement, but could not find that option.  They tasted like they were past the fresh date.  Maybe the squirrels will eat them."
59643,B000W5SLB8,A25424QZ8NHIIJ,"Harry Houdini ""No jail can hold me!!!""",7,21,1,###############################################################################################################################################################################################################################################################,It gave my dog the runs.,"We bought a bag of Taste of the Wild after reading all the good reviews on Amazon. Our dog really seemed to like it, and do well with eating it. We bought a second bag. Again, our dog seemed to like it...but she developed a terrible case of diarrhea. We fed her chicken and rice for a while 'til things calmed down. We switched to Science Diet for sensitive stomachs, and then Eukanuba for retrievers. (Sadie is a flat coated retriever.) Her tummy troubles went away. After finishing those bags, we restarted Taste of the Wild...and the diarrhea returned. We looked at a lot of different variables...and it really seems to be this particular food that caused the problem.<br /><br />We won't be buying it again. In fact, we are throwing away what we have left."
70170,B007I7Z3Z0,A1U7LS93I03MFW,Christopher K. Koenigsberg,0,1,3,###############################################################################################################################################################################################################################################################,OK,"Disclaimer: I am reviewing a package that I received for free through the Vine program.<br /><br />Well, it's OK. I probably wouldn't buy it, but I don't usually buy instant iced tea mixes anyway.<br />The fruit flavor is OK. I can't comment on the naturalness vs unnaturalness of the ingredients etc like other reviewers.<br /><br />I'd probably just brew my own fresh green tea and chill it in the fridge..."
47335,B001444G5Q,A1OFRF2KPU5T7C,Al,0,0,2,###############################################################################################################################################################################################################################################################,Not a true variety,"We were very disappointed with the variety of chocolates in this bag.  The bag lists 9 different bars, but most of them were Nestle Crunch (100 out of 150 of the pieces).  We got very few of some of the other varieties, and we got ZERO Kit Kats, as were supposed to be included.  Also, the weight of the bag is 5 pounds.  Many of the candy bars were squashed."
441613,B000CQ4DRS,A1RKYS3YJQ5V43,J.W.,1,2,1,###############################################################################################################################################################################################################################################################,Really Bad,I keep hearing about how wonderful is Annie's pasta so I tried this product. A big mistake. The sauce is extremely SALTY. I should not have purchase this product as now I have so many boxes remaining. I'll just keep the pasta and toss out the sauce packets. Stay away if you do not like your food over-salted.
279305,B000F498Y0,A1YLOZQKBX3J1S,"R. Lee Dailey ""Lee_Dailey""",1,1,2,###############################################################################################################################################################################################################################################################,good - BUT ...,"howdy y'all,<br /><br />update = 2009-11-15<br /><br />i received my new order and i've a few problems ...<br /><br />[1] they are NOT from mexico<br />there's an over-sticker that says ""turkey"" on each packet and the carton also says the tomatoes are from turkey. not a problem except that the product description here says ""mexico"" and that's wrong.<br /><br />[2] they taste ... wrong.<br />the previous order was from mexico and tasted slightly sweet. that's as _i_ expect with dried tomatoes. the NEW batch, however, tastes distinctly _salty_! there is no salt listed on the packet, just sodium. unfortunately for me, i am on a restricted diet and can't afford to eat any more salt than i must. anything that tastes salty - quite salty, in this case - must be presumed to have salt in amounts that i can't afford to eat.<br /><br />[*sigh ...*]<br /><br />so i will need to give this batch to someone who will eat the tomatoes even tho they taste salty instead of slightly sweet.<br /><br />i'm going to try to contact the source and see what they have to say, but i doubt i'll be buying this product again. fooey!<br /><br />take care,<br />lee<br /><br />********<br />original date = 2009-01-11<br />howdy y'all,<br /><br />this is a good product. taste's good, easy to use, [mostly] predictable and priced pretty well, too.<br /><br />_however_ ... the last two 12-packs eventually developed moths and moth grubs. ick! [*grin*] i had eaten three of the packets already and when i when to get the next one i found grubs [worms] and moths in the bags. NOT all of them - one packet in the 2nd box seemed ok.<br /><br />so, lets see ... out of 21 packets there was ONE that had no [visible] bugs. i had already eaten 3 packets.<br /><br />how many bug eggs did i eat? [*grin*]<br /><br />now, i KNOW that one of the gotchas with organic and/or all-natural foods is the higher loss rates to pests. so it's not a _total_ surprise to find bugs hatching out.<br /><br />it is however, unacceptable.<br /><br />i admit that i had left the boxes setting in the pantry for more than three months. i was in for another round of chemo and just didn't eat anything that wasn't on my approved foods list. still, the fact that ONE packet had no bugs - and that NO bugs were loose in the box that held the packets - seems to mean that the bug eggs were on the product before i got it.<br /><br />i suppose i'll try this product one more time. but it NEEDS to be store-able for a few months for me to be able to buy it in the rather large quantities it is sold in.<br /><br />take care,<br />lee"
138143,B004JR7SF0,A2Q7WFMGYCY08Q,"HC ""HC""",0,0,4,###############################################################################################################################################################################################################################################################,"1 cat loves it, 1 just likes it.","I was looking for treats I could use for training. Two adult cats were new to our home and were learning what repeatable behaviors to do more of (use the scratching post and other things.) I wanted to completely avoid treats full of carbohydrates or other nasties that my adult cats would get loaded up with.  It was suggested to me to take a look at freeze dried treats as an option and I liked that these didn't look like some of the others that looked like styrofoam peanuts that would crumble into dust if one was dropped on the floor!<br /><br />They are quite small and look exactly like the shrimp that come in the shrimp flavored cup-o-noodles soup. Since the shrimp are very flat and very small, sometimes it looks like it is a challenge for them to see the treat and also to pick the shrimp up to eat them. They get it eventually. Sometimes it takes a little extra effort.<br /><br />My food-motivated cat took to the treats right away. At the smell of them, she gets excited and starts pacing and can't wait to munch on them. She loves them and would eat the whole bag if I would let her!<br /><br />The second cat who is not so much food-motivated did not know what to do with them at first. She actually did not touch these treats for the first two days I used them. Just before I was about to give up, she ended up taking a nibble on one of them and has liked to eat them since. This cat will eat a couple of them with some enthusiasm but then quickly lose interest.<br /><br />I haven't tried other flavors. Overall I really like the product and would recommend it and even buy it again. For the price and the amount of treats that comes in them, I am very pleased. I feel the value is great for such a healthy treat. I am still on the look out for the one protein-based cat treat that will drive BOTH of the cats crazy and keep both of their interest consistently."
382259,B0060HVNNA,A2CNC296HOUVFU,Michael S. Talisman,9,12,1,###############################################################################################################################################################################################################################################################,Horrible!,"I bought two 17.6 oz cans.  Both are marked with 12/2010 packing date and 12/2012 expiration date.  This coffee is absolutely bland, nothing like Effendi I have had before this order, from a different vendor.  Either it was stale before it was canned or there might be another possible explanation.  The text on either can is in Turkish and German.  The same brand bought before, from a different vendor, was in Turkish and English.  Perhaps, for German market, it is supposed to be bland but I doubt it.  The largest Turkish community outside of Turkey would not drink this stuff.<br /><br />I got full refund from Amazon.<br /><br />I strongly recommend to buy your Mehmet Effendi from another vendor and to make sure the text on the can is in Turkish and English."
468867,B000B6MUGU,A2A7ENTPIQEDDH,Jeff D. Smith,0,0,5,###############################################################################################################################################################################################################################################################,Lemon seasoning,"Great seasoning for fish.  I bake fish with this seasoning, add lemon juice, and wrap up in tin foil for a steaming effect."
395135,B0045GXUUC,A1R2Y46NN84R0Q,"C. Wei ""apple_big_fan""",0,0,2,###############################################################################################################################################################################################################################################################,very bland,The broth is very bland and tastes sour.  Not sure why the chicken broth would taste sour.  I would not recommand anyone to buy this broth.
444390,B001EPPYPG,ANTWFMQSZLEJF,"CLP ""C""",0,1,3,###############################################################################################################################################################################################################################################################,Dents in 2 of the tins when arrived,"This cocoa is like any other cocoa, other than it is white and turns pink when touches liquid.  The tin is cute, but 2 cans were dented when they arrived. Not sure if it was from shipping or the seller.  A bit over priced in my opinion as well."
473925,B004KPCFBI,ANGTM3VPCHL9R,slimbadguy,1,1,4,###############################################################################################################################################################################################################################################################,good stuff,"this is a nice rhubarb and ginger. not the best--could use a little more rhubarb for my taste. however, i will buy it again"
45700,B0041NYV8E,A3H8PA7AG48K33,A. Silverstone,0,0,4,###############################################################################################################################################################################################################################################################,Spicy Ginger Lemon Drink,"If you don't like your ginger strong, you won't like this drink.  However, if you want to a spicy-sweet concoction to take the edge off a cold or the cold, this brew will do the trick.  The freeze-dried combination of ginger, lemon and honey dissolves quickly in hot water.  The result is not for the tame of tongue.  It is quite spicy, and produces a sharp edge in your throat.  On a cold day, it warms your inside."
280494,B005OVPKCI,A1LHAXBM5GBJS2,Scooter McGavin,0,0,4,###############################################################################################################################################################################################################################################################,Great Tasting,"The latest Quaker Oatmeal Squares flavor claims ""just a hint of Cinnamon"" and just the hind was perfect because this is one enjoyable bowl of cereal.  With only seven servings, the box will not last long ) I was able to finish it off with five bowls) so if you eat a lot of cereal you may want to buy multiple boxes or purchase a larger box to make it through an entire week.  Also if you are one of the people who thinks the crumbs at the bottom of the box are the best part of cereal, you will be happy to learn about half of my last bowl were crumbs."
483500,B001E6K63A,A7JNQLDB340I9,Mom of two,0,0,5,###############################################################################################################################################################################################################################################################,Rice Krispie Treat cereal found!,My daughter loves this cereal and it was fresh. We can't find it in stores here in Ohio. It made a nice birthday surprise!
430469,B005K4Q1T0,A359CWRWFITN00,Yogagirl,1,1,2,###############################################################################################################################################################################################################################################################,Artificially Sweet,"We bought this to replace our Cafe Escapes Dark Chocolate Cocoa.  They are less expensive- but you get what you pay for.  This cocoa is watery brown sugar water with an aftertaste.  I do not recommend it.<a href=""http://www.amazon.com/gp/product/B005K4Q1T0"">Grove Square Hot Cocoa Cups, Dark,Single Serve Cup for Keurig K-Cup Brewers, 24-Count</a>"
565661,B002GKEK7G,A2EPTR9S204QC1,Koko,1,1,4,###############################################################################################################################################################################################################################################################,"For what it is, it's great.","I'm not expecting my protein drink to actually taste exactly the same as a mocha from the corner cafe. I think that would fall under the category of ""unreasonable expectations"". But if for some reason, you must supplement your protein intake artificially (as I must), this is a very nice option. I frankly can't begin to understand the complaints here about it being hard to prepare. I add two scoops to about a third of a cup cold, nonfat milk, stir it smooth (just using a spoon, with no problem), fill the rest of the mug with water and nuke it until it's drinking-range hot.<br />Note: Do not heat it to near boiling and then sit it by you to slowly cool as you sip, like you might with a real coffee drink. Too much heat curdles protein, powders, and *yuck!* (I think this is what's been happening to those who complain of its lumpiness, or ""boogery"" texture.) Just heat up it to the temperature that feels comfortable to drink.<br /><br />I really look forward to my Click every morning, just as I used to with my morning coffee. Now if only it was so dang expensive."
364759,B000PDY3HI,A347PYPZFUQHTQ,Big buyer,1,2,1,###############################################################################################################################################################################################################################################################,Half the seeds don't pop,We find consistently that not all the kernels pop but end up being wasted.  It is definitely the brand so be forewarned.
257508,B002TSA91G,AYG2SBEV15LXV,IAmNotAnAnimal,13,14,3,###############################################################################################################################################################################################################################################################,"Good body wash - refreshing, but lacking","I have sensitive skin that is prone to getting dry, particularly during the winter months and dry weather. I thought I would give this new line a try and it was alright. The scent is just right as it is not overpowering but definitely detectable, although I can understand some people being turned off by it.<br /><br />The primary moisturizing ingredient in this body wash is the same as in many others - petrolatum. Those saying that this body wash does not moisturize enough - I would recommend letting the lather set on your body for at least a minute or two. Petrolatum is not an instantaneous moisturizer and needs some time to settle on the skin to do its job. Try aiming the water off of you as you lather and let it set for a couple of minutes. Even with this technique, however, this body wash just isn't as moisturizing as it says, especially in comparison to Dove 'Deep Moisture'.<br /><br />Overall - I liked this body wash. I'm rather picky with my personal hygiene products and Dove For Men passes with an average score."
136495,B006Q820X0,#oc-R1B9W981WGB5D0,"LeventB ""LeventB""",1,1,3,###############################################################################################################################################################################################################################################################,Weak and bland,"Maybe we're just used to stronger blends, but this one tastes pretty bland and weak to us. Honestly it quickly became one of the least popular items on the k-cup carousel in our house. For this price level, you can definitely do much better with the San Francisco Bay k-cups, which are cheaper and better."
508740,B003O7AFCY,ATPH3CLWHYVMY,Leslie C. Zane,0,0,5,###############################################################################################################################################################################################################################################################,Excellent quick idlis.,"While there is a certain satisfaction from making idlis from scratch, this is vastly quicker and more reliable than natural fermentation. I fully endorse this product."
215041,B0049YMC3Q,A1YT2YUJHO874T,Kaiwat,0,0,4,###############################################################################################################################################################################################################################################################,"Perfect for bread, pancakes","A nice blend of grains, perfect for my weekly bread baking. I also make large batches of pancakes and waffles to freeze and pull out for weekday breakfasts on the go for my kids. I keep the big bag stored in my large freezer and it stays very fresh."
567228,B000LL0R92,A1G5A8NMZT9QIL,California Vegan,0,2,3,###############################################################################################################################################################################################################################################################,Good,I like this product.  The reason only 3 stars.  When I received my order 2 didn't taste right.  The ones which tasted right were great.
548009,B007RTR9G0,A19FRW264WZTGP,Bunson Honeydew,0,0,2,###############################################################################################################################################################################################################################################################,Use mineral oil and add other natural items - you can make your own,"I don't have that much hair on my head, but my wife does.  She wasn't that impressed.  Mineral oil is cheap, and if you watch your sales you can get all sorts of natural oils and 'treatments' at Whole Foods and other places.  So, you can make your own.<br /><br />We've been making our own 'potions' to protect our kids' hair from lice (tea tree oil is good).  If you do your homework from natural and homeopathic websites, you can make your own treatments for a variety of problems.<br /><br />Save your money and pass on this one."
194595,B003ZT61E2,A3EXW4HNYX7HF5,"Atomic Tofu ""Code of Bushido""",0,0,4,###############################################################################################################################################################################################################################################################,Quality as always...,"I grew up with these coffees as a little kid, not sure if I just remembered those old commercials or if my parents really liked them.  The Maxwell House International Coffee extends from the original General Foods International line, that is why the tin may be familiar to some and yet slightly different at the same time.<br /><br />I received this just as I experienced my first winter in the new town I would live in and it was such a welcome arrival.  Peppermint and mocha, together served hot in -10 F or more temperatures in a gloomy town with no ambition or progress is such a savior.  I loved and savored it, enjoying it with my lovely wife as she too endured this backwoods town (town name is witheld for now of course).<br /><br />I noticed some of the reviews about a lack of flavor or a serving size too small and just shake my head.  To each our own, but I am one of those that eats healthy and exercises regularly and can't help but feel somewhat saddened at so many of us who indulge in and grow blind to oversized proportions and our foods and drinks have to be bursting with insane amounts of sugars and fats.  But at around $8-9 a tin, those of us that need excess can use the entire tin for our single serving and sated...or perhaps even make it 2 servings to be a little bit more healthy (sarcasm hinted just in case)."
465166,B0019H0YZ4,A19A5LD0D6Q6DP,Aniyah & Solomon's Dad,1,7,1,###############################################################################################################################################################################################################################################################,Check the price again...,"I'm with Nclphx, I noticed the pricing discrepancy as well.  This is not 12 cents an ounce, it's 1 dollar and 24 cents an ounce.  The product is a great product.  The 1 star rating is to alert buyers to the price."
129530,B000F4DKAI,AXSJIQU1PDP37,"Bob ""Tea Drinker""",3,3,5,###############################################################################################################################################################################################################################################################,Excellent blend!,"I found this tea a while ago in a local store and bought some to try. It's excellent! This is the tea I go for first in the afternoon and evenings. It has great depth and flavor. It's good that Amazon sells it in boxes of six packages, as I drink it that fast.<br /><br />Last summer, Twinings must have been trying something and was selling a decaf version of this tea. My wife fell in love with it (she cannot drink anything with caffeine), but the product went away. She finds Irish Breakfast Decaf to be good as a second choice. I wish Twinings would come out (again) with a decaf version."
427842,B008FHUFAU,A1BO2VV20MJDB3,"J. L. Correa ""Koji Kabuto""",6,7,4,###############################################################################################################################################################################################################################################################,Great Cup of Coffee!,"This is definetly a keeper in my pantry.  I tried the Donut Shop and the Black Tiger and by far everyone prefers Black Tiger. Donut Shop tastes, well like a cup of coffee from a Dinner, or McDonalds. But Black Tiger has a strong taste without any of the bitter undertones."
285333,B002BUEKSK,A35D7QZPIMT6T4,Amazon Reviewer,0,0,1,###############################################################################################################################################################################################################################################################,Inedible chemical flavor. Our guests unanimously agreed.,"We purchased a three pack of chocolate caramel, strawberry vanilla, and lemon poppyseed because the package looked so attractive, and I thought it would save me some time. The flavors sounded very appealing.<br /><br />Reality couldn't be farther removed from the picture. The cupcakes were practically inedible. The chemical flavor of the additives was unbearable. I actually spit out the first bite I took of the chocolate caramel. I asked several guests to try a bite of all three flavors (because I wondered if there was something wrong with me. Couldn't imagine three flavors of such an attractive looking mix could be THAT gross), and not a single person liked them. I ended up throwing everything away, and having to buy something else in a hurry.<br /><br />Furthermore, I'm not someone who likes much frosting on cupcakes, but the package provided barely made enough to thinly cover the cupcakes. Very thinly. If you were to put as much frosting on your cupcake as is shown in the picture, about a third of your frosting would already be used up. This is probably a good thing, since the frosting had that horrible quality of coating the roof of your mouth in a layer of revolting grease that is hard to get rid of. (And I used strictly fresh ingredients that I had just bought, added according to the recipe.)<br /><br />What a waste of THREE packages of cupcake mix and fresh ingredients!!"
241004,B000NBQUNW,A2Q53CQ4XMOI6,Janet T.,1,1,3,###############################################################################################################################################################################################################################################################,The pros and cons of Benecol Smart Chews,I would prefer to lower my cholesterol by not eating a candy-like substance with the calories it includes. I deal with this by eating<br />these Smart Chews at a time in the day when I start to feel hungry. This replaces some other snack that I may eat which keeps my<br />calories down. The Smart Chews do have somewhat of a waxy taste but since I love caramels I can somewhat enjoy them and hope they are<br />helping my cholesterol (which I will be getting checked soon). I will continue to use them along with the spread. They both are<br />rather pricey.
72118,B0019412IK,A1ZURF3SLZ53RV,KMPxx,0,1,2,###############################################################################################################################################################################################################################################################,Not the greatest,"When I first tried these I was pretty disgusted. However, I bought these because I wanted a healthy snack so I continually ate them anyways. The more I ate them the more I could stand them. After going through around 10 bags I can finally finish it without wanting to gag. Overall, I'm sure there are better options out there. I don't really have a choice but to keep eating these cus I bought two boxes of them."
306548,B003UN31VO,A1A6AEXTM9RU7Q,BDespain,0,0,2,###############################################################################################################################################################################################################################################################,Poor Quality Mizuna,"While the seller claims this gourmet quality fresh picked Mizuna, I found it nothing of the sort. The product was heavily yellowed indicating nitrogen deficiency and of dubious quality with many dried leaves. I picked through the product and managed to salvage about 1 lb of product out of a 4 lb package that was edible. The rest was composted. Avoid this product. I gave it 2 stars because it was Mizuna."
188435,B003DA54GO,A24ZV048V7J0MT,"Murphy ""Goldenmom""",0,0,1,###############################################################################################################################################################################################################################################################,Terrible!,"I bought this for my two golden retrievers to share.  I took the plastic off and laid it on the lawn.  One sniffed it and walked away and the puppy licked it once then walked away.  Neither would have anything to do with it.  I had it out a few times afterwards and they wouldn't even go near it.  When I put it away in the garage, I had it on a cardboard box and there was so much grease on it that it soaked thru the box right to the floor.  Last week it went out in the garbage.  It was a waste of money.  I should have looked at the reviews and seeing two people rated it so great and it was not Amazon verified purchase they must be the seller rating it or someone from Hartz.  Don't waste your money on this and if you do, do not bring it in the house or you'll be sorry."
228150,B003VXHGPK,A3H6IRPMRG40IA,Stallken,0,0,2,###############################################################################################################################################################################################################################################################,...,"While good quality, it was not at all what I expected. It smelled like caramel and vanilla, but it tasted like straight black coffee. I was pretty disappointed."
129467,B001II47PW,A23XPV2P8GTI98,Paul G. Gertenbach,0,0,1,###############################################################################################################################################################################################################################################################,Baconless Flavoring Powder,"What a disappointment! First, this product should not have the name Bacon Salt. If you are familiar with the infused salts made for gourmet cooking with flavors such as thyme or rosemary, you will notice that this is a flavoring powder and not a salt at all. The predominant flavor is sort of a yeasty garlic and paprika with a small amount of smoke. There is practically no bacon flavor whatsoever. I tried the so-called natural product since I am allergic to monosodium glutamate. This product makes the claim ""No MSG Added"", but fails to inform the consumer that they have added autolyzed yeast extract instead. As anyone who is sensitive to MSG should know, autolyzed yeast extract itself contains free glutamates. It is a not so clever ruse to add MSG while claiming none has been added. Even the FDA is aware of this deception and has gone after a few of the larger offenders with truth in labeling claims.  [...]<br />My recommendation is that unless you cannot eat bacon, you might try preparing your own bacon salt at home. There are some great recipes for making things like bacon jam and spreads using real bacon and I am sure making a true bacon flavored salt would be a simple trick. The product concept is great, but the execution is horrible."
117451,B0016B7Z32,A2NNZJ5S6XJGJR,Mohammad,0,0,4,###############################################################################################################################################################################################################################################################,It is better than I expected,I really recommend this product. It is well packaged and protected. Also it smells and taste better than I expected!
249107,B004TPKAN4,A2XH6KI5ZLRLPS,Tina,0,0,5,###############################################################################################################################################################################################################################################################,awesome product,This is one of the best cookies. My kids loved them too. they are really flavorful and not so hard my teeth couldnt get through them. Really good cookies i would get again
117035,B001BCVY9W,A2QDBOHV00NOR2,"Wendy Johnston ""podlogic""",1,1,5,###############################################################################################################################################################################################################################################################,Cat's love it,"I got this after reading an article in Natural Health magazine's October 2008 edition, ""Feed your pet Right"". The article identified protein rich, nutritionally balanced cat food.  My TWO cats did not like the chicken types, but LOVE the red snapper, tuna and shrimp, tuna and sole and yellow fin tuna.  I get the combo in the 4 pack.<br />I would recommend switching over from dry food to wet slowly so there's no upset stomachs.  I think your cats will like this food, even if they are picky, like mine."
133402,B0090X8IPM,A100WO06OQR8BQ,"Duffer. ""Bo""",0,1,3,###############################################################################################################################################################################################################################################################,Typical Starbucks,"As of this writing there have been 255 reviews posted. Sorta difficult to add anything new. I received one bag of this coffee from the Vine program. The day preceding its arrival I had brewed some French Vanilla by a brand that I regularly use and which is rated higher than Starbucks by the best known testing and rating org. This offered me an opportunity to make a somewhat taste comparison although, admittedly, the Starbucks was not French Vanilla.<br /><br />In the taste test Starbucks came in second. It was neither as smooth nor as tasty as the competitor. I drink my coffee with fat-free milk and no sugar so I get a fairly good opportunity to evaluate the taste. Starbucks afficionados undoubtedly will praise this and they have every right to do so and I have no quarrel with that. However, if you are not among that group I think you will find that you would be pleased with a different brand and save a few bucks as well."
524302,B004JGQ15E,A1GNYV0RA0EQSS,"Sl Judge ""gatormomz""",0,0,4,###############################################################################################################################################################################################################################################################,130 calorie snack that does the trick!,"I happen to like the prepackaged snacks so that I'm not inclined to overindulge in any one item.  One package of Fudge Drizzle Caramel Popcorn will leave you satisified. You won't feel as though you were a deprived dieter. Instead, you will feel like you treated yourself to a tasty snack. For those watching carbs, this is rather high for one snack - 25 carbs.  My son loves Dale and Thomas Choc. Drizzle Popcorn and he loves this! I think that alone says alot! This item got 4 stars instead of 5 for the cost per package compared to other single package snacks."
474813,B001AW9WMO,A3MJ2RS37V7XU9,Jennifer,1,1,5,###############################################################################################################################################################################################################################################################,My daughter loves them,"My daughter eats these by the handful. She would eat the whole bag if I let her. My only word of caution is to supervise while your child eats these. My daughter only has her two bottom from teeth, not a alot for chewing so she really has to suck on them until they dissolve. She has choked on them a few times, they start to get sticky and cling to the back of her tongue. A little scary but nothing major."
108625,B001EQ4E3I,A5XDN8QDAKAXX,"Michael Garst ""lifegrdmike""",0,0,3,###############################################################################################################################################################################################################################################################,a little chalky,"this has a chalky flavor compared to the sugar-added counterparts.  Otherwise, the chocolate flavor is acceptable."
66209,B0007A0AQW,A3K9Q3WL0OF7N1,"niecypoo ""niecypoo""",0,0,5,###############################################################################################################################################################################################################################################################,finicky dog loves these,my finicky dog (small yorkie mix) just loves these little peanut butter snacks. so glad that I came across these!
445395,B000O9GAPG,A1AHJZ3P335KY2,Angela T. Prince,4,13,1,###############################################################################################################################################################################################################################################################,Don't Be Fooled!,"The picture shows two bags of coffee, but you only get one. A horrible value! Misrepresentation marketing.  Beware!"
139065,B0041CIR62,A1VABWDOUQLULZ,S. K. Harrell,1,2,2,###############################################################################################################################################################################################################################################################,Not impressed,"I probably would have liked these better had I not followed the directions on the package.  I've had quite a lot of brown rice pasta, and this one was fairly neutral, flavor-wise.  It generally took on the flavor of what I cooked with it.  The texture was bothersome.  Again, had I cooked them more in water and NOT followed the directions on the package, the texture may have been better.  As it was, after soaking them for the requisite minute, they came out like straw.  It only went downhill when I put them in the skillet.  They began to breakdown to mush immediately.  There are other brown rice pasta products, even very fine ones such as this one, (Annie Chun's Maifun comes to mind) that will hold up to cooking and handling.  From a gluten-free standpoint this pasta is a thoughtful gesture.  That's about all it has going for it.  I don't recommend it at all."
504690,B007I7YZJK,AZA55FJD7CCZN,"Between the Lines ""J. Morrill""",1,1,3,###############################################################################################################################################################################################################################################################,Misleading and far too sweet,"I love tea.  Iced tea, hot tea, green tea, black tea, all kinds.  I was excited to try this product because I am always short on time and thought a powdered, just add water mix would be great.  One major problem, this ""tea"" has zero tea flavor.  It also claims to be ""sweetened with honey"" but it is actually sweetened with sucralose in addition to ""honey granules"".  Because of this, it has a very strong ""diet"" aftertaste, something I am not fond of at all.  Overall the drink was far too sweet for my liking even though I made it with 20oz of water instead of the 16 recommended.  I was really disappointed by this product.  I also feel the packaging is hugely misleading.  It says, and I quote; ""Sweetened with honey"" with no mention of the sucralose.  It does mention ""no aspartame"" but fails to mention it's other source of sweetness.  The ingredients are as follows: Honey granules (sugar, honey), Citric acid, green tea powder, sucralose, malodextrin, hibiscus extract, natural flavor, and Beta carotene for color.  As far as powdered diet drinks go, this one would be low on my list.  Even drinks like Crystal light do not have this strong of a diet aftertaste."
376750,B000LR4E6I,A3N8KKKCPX8KZD,"Susan A. Rials ""susanrials""",7,9,5,###############################################################################################################################################################################################################################################################,Caviar,I was impressed with the timely manner I received this product. My friends and I truly enjoyed this product
89599,B002LANN56,A2YKWYC3WQJX5J,"Shannie ""Shan""",0,0,2,###############################################################################################################################################################################################################################################################,"After researching the ingredients, I found this...","<span class=""tiny""> Length:: 1:52 Mins<br /><br /></span>This food was well recieved by my dog. However, on closer inspection...<br />Beef is the main ingredient. However, soy, wheat, and corn are in there, bumping out the amount of meat by quite a bit. Dried beans and potatoes are nice, but why the artificial color? The shame of it is, there are some really fine and healthy ingredients, but to make the cost something most folks are willing to pay, there are corners cut. As an occasional mix-in, this might be ok, but honestly, after reading the label, I wish they used better ingredients and charged a bit more. I certainly would not feed this on a regular basis."
